{"cameraMode":{"drawMode":0,"name":"Shaded","section":"Shading Mode"},"sceneLighting":true,"audioPlay":false,"sceneViewState":{"showFog":true,"showMaterialUpdate":false,"showSkybox":true,"showFlares":true,"showImageEffects":true,"showParticleSystems":true},"in2DMode":false,"pivot":{"x":-0.41430431604385378,"y":-0.21136848628520966,"z":0.5638468265533447},"rotation":{"x":0.41389864683151247,"y":-0.2004249542951584,"z":0.09394203126430512,"w":0.8830413818359375},"size":0.7585565447807312,"orthographic":false}