{"cameraMode":{"drawMode":0,"name":"Shaded","section":"Shading Mode"},"sceneLighting":true,"audioPlay":false,"sceneViewState":{"m_AlwaysRefresh":false,"showFog":true,"showSkybox":true,"showFlares":true,"showImageEffects":true,"showParticleSystems":true,"showVisualEffectGraphs":true,"m_FxEnabled":true},"in2DMode":false,"pivot":{"x":-32.267547607421878,"y":-9.539749145507813,"z":-1.6138920783996583},"rotation":{"x":0.3435761630535126,"y":0.05378180369734764,"z":-0.019714470952749254,"w":0.9374139308929443},"size":38.51445770263672,"orthographic":false}